Task ID,Message Type,Req. Timestamp,Method,URL,Code,Reason,RTT,Size Req. Header,Size Req. Body,Size Resp. Header,Size Resp. Body,Highest Alert,State,Payloads
0,Original,Sat Mar 21 09:40:50 EDT 2026,GET,http://154.57.164.81:30855/api/v1/supplier-companies/d0826865-6518-41e8-afb8-84bb35c701c0/certificates-of-incorporation,200,OK,326,1003,0,140,91,,,[]
1,Fuzzed,Sat Mar 21 09:42:03 EDT 2026,GET,http://154.57.164.81:30855/api/v1/supplier-companies/d0826865-6518-41e8-afb8-84bb35c701c0/certificates-of-incorporation,200,OK,273,1003,0,140,91,,,[d0826865-6518-41e8-afb8-84bb35c701c0]
2,Fuzzed,Sat Mar 21 09:42:03 EDT 2026,GET,http://154.57.164.81:30855/api/v1/supplier-companies/058ac1e5-3807-47f3-b546-cc069366f8f9/certificates-of-incorporation,200,OK,306,1003,0,140,91,,,[058ac1e5-3807-47f3-b546-cc069366f8f9]
4,Fuzzed,Sat Mar 21 09:42:03 EDT 2026,GET,http://154.57.164.81:30855/api/v1/supplier-companies/41fe90e0-0b8c-4da5-9ea3-f0c9f0853e79/certificates-of-incorporation,200,OK,303,1003,0,140,91,,,[41fe90e0-0b8c-4da5-9ea3-f0c9f0853e79]
3,Fuzzed,Sat Mar 21 09:42:03 EDT 2026,GET,http://154.57.164.81:30855/api/v1/supplier-companies/96dcb320-5481-441b-8c36-95a300058bde/certificates-of-incorporation,200,OK,308,1003,0,140,91,,,[96dcb320-5481-441b-8c36-95a300058bde]
7,Fuzzed,Sat Mar 21 09:42:03 EDT 2026,GET,http://154.57.164.81:30855/api/v1/supplier-companies/354d9cf9-4df4-49c3-bc4a-e714e7016759/certificates-of-incorporation,200,OK,270,1003,0,140,91,,,[354d9cf9-4df4-49c3-bc4a-e714e7016759]
5,Fuzzed,Sat Mar 21 09:42:03 EDT 2026,GET,http://154.57.164.81:30855/api/v1/supplier-companies/5feb65b1-0cdb-478c-aaca-5dc94782d2e0/certificates-of-incorporation,200,OK,345,1003,0,140,91,,,[5feb65b1-0cdb-478c-aaca-5dc94782d2e0]
8,Fuzzed,Sat Mar 21 09:42:03 EDT 2026,GET,http://154.57.164.81:30855/api/v1/supplier-companies/4b669bb5-52e1-427b-8be9-81bd2de25ead/certificates-of-incorporation,200,OK,285,1003,0,140,91,,,[4b669bb5-52e1-427b-8be9-81bd2de25ead]
6,Fuzzed,Sat Mar 21 09:42:03 EDT 2026,GET,http://154.57.164.81:30855/api/v1/supplier-companies/f9e58492-b594-4d82-a4de-16e4f230fce1/certificates-of-incorporation,200,OK,359,1003,0,140,91,,,[f9e58492-b594-4d82-a4de-16e4f230fce1]
9,Fuzzed,Sat Mar 21 09:42:03 EDT 2026,GET,http://154.57.164.81:30855/api/v1/supplier-companies/36965e0c-3459-4d17-9fca-5a77a683997e/certificates-of-incorporation,200,OK,553,1003,0,140,91,,,[36965e0c-3459-4d17-9fca-5a77a683997e]
